{
  "MC_Dropout": {
    "RMSE": 129.998565196409,
    "MAE": 103.20802307128906,
    "MAPE_%": 8.56175708770752,
    "Coverage_95_%": 30.606728250867132,
    "IntervalWidth_95": 110.20023345947266,
    "CRPS": 1210.7593337843791
  },
  "Quantile": {
    "RMSE": 124.94298309003791,
    "MAE": 96.69510650634766,
    "MAPE_%": 8.047191619873047,
    "Coverage_95_%": 64.5744850286685,
    "IntervalWidth_95": 222.345947265625,
    "CRPS": 27.834312438964844
  }
}